Item Code,Name,Icon URL,Thumbnail URL
"DUN CHAR01","Golden Ping Pong Passion Charm","https://drive.google.com/drive/folders/1Y5fJz45S3vo4cg6UDdMoMQA2NdZj1ynN?usp=drive_link","https://drive.google.com/drive/folders/1Y5fJz45S3vo4cg6UDdMoMQA2NdZj1ynN?usp=drive_link"
"DUN CHAR02","Pickleball Spark Charm","https://drive.google.com/drive/folders/12BHVq6tVNIdMUDnFr3cz6CZbO6uHIyj_?usp=drive_link","https://drive.google.com/drive/folders/12BHVq6tVNIdMUDnFr3cz6CZbO6uHIyj_?usp=drive_link"
"DUN CHAR03","Silver Street Sneaker Charm","https://drive.google.com/drive/folders/1sqfoZjd3GOZFm8oFzLUEMvxT8rIVd3ct?usp=drive_link","https://drive.google.com/drive/folders/1sqfoZjd3GOZFm8oFzLUEMvxT8rIVd3ct?usp=drive_link"
"DUN CHAR04","Tennis Ace Charm","https://drive.google.com/drive/folders/1h29F7Qqa6Fz0tggex0PxncLbhyO28WGV?usp=drive_link","https://drive.google.com/drive/folders/1h29F7Qqa6Fz0tggex0PxncLbhyO28WGV?usp=drive_link"
"DUN CHAR05","Silver Tennis Spark Charm","https://drive.google.com/drive/folders/16YTTMKytSJm0YRIZJZIW_LM3amltcuJg?usp=drive_link","https://drive.google.com/drive/folders/16YTTMKytSJm0YRIZJZIW_LM3amltcuJg?usp=drive_link"
"DUN CHAR06","Rainbow Skateboard Charm","https://drive.google.com/drive/folders/1aAdJMrCn653vZII--8KuytFpMPBrKKIB?usp=drive_link","https://drive.google.com/drive/folders/1aAdJMrCn653vZII--8KuytFpMPBrKKIB?usp=drive_link"
"DUN CHAR07","Tennis Sparkle Racket Charm","https://drive.google.com/drive/folders/1R-nM6nkjeAl3vlI0lm1B7FtjrJsjJ9He?usp=drive_link","https://drive.google.com/drive/folders/1R-nM6nkjeAl3vlI0lm1B7FtjrJsjJ9He?usp=drive_link"
"DUN CHAR08","Blue Power Dumbbell Charm","https://drive.google.com/drive/folders/1Xkg1CSLpIQ_K9ylnbfgOO8rbk2hNZqib?usp=drive_link","https://drive.google.com/drive/folders/1Xkg1CSLpIQ_K9ylnbfgOO8rbk2hNZqib?usp=drive_link"
"DUN CHAR09","Purple Strength Dumbbell Charm","https://drive.google.com/drive/folders/17A0rIVLgt0v56S1W3vdXLYgeev9RYwxn?usp=drive_link","https://drive.google.com/drive/folders/17A0rIVLgt0v56S1W3vdXLYgeev9RYwxn?usp=drive_link"
"DUN CHAR10","The Red Energy Dumbbell Charm","https://drive.google.com/drive/folders/1YgslBqlN4jWUHhUvuR3BWr6hmJ_rjmE_?usp=drive_link","https://drive.google.com/drive/folders/1YgslBqlN4jWUHhUvuR3BWr6hmJ_rjmE_?usp=drive_link"
"DUN CHAR100","Lucky Horseshoe Charm","https://drive.google.com/drive/folders/18ngjb0HRKZWMt_Pqv42XWySCYpkTkKjH?usp=drive_link","https://drive.google.com/drive/folders/18ngjb0HRKZWMt_Pqv42XWySCYpkTkKjH?usp=drive_link"
"DUN CHAR101","Lotus Bloom Charm","https://drive.google.com/drive/folders/1GferSA_rE24e4OTEwYZTlqsMkRPFjo-Q?usp=drive_link","https://drive.google.com/drive/folders/1GferSA_rE24e4OTEwYZTlqsMkRPFjo-Q?usp=drive_link"
"DUN CHAR102","Ocean Shell Charm","https://drive.google.com/drive/folders/1mQo0V9dmg6vN9MecvTmNhPcsFBcm9hTi?usp=drive_link","https://drive.google.com/drive/folders/1mQo0V9dmg6vN9MecvTmNhPcsFBcm9hTi?usp=drive_link"
"DUN CHAR103","Wanderlust Trio","https://drive.google.com/drive/folders/1zQpsOMv1wKPotFPFgr_YAOy6h4fXbDkt?usp=drive_link","https://drive.google.com/drive/folders/1zQpsOMv1wKPotFPFgr_YAOy6h4fXbDkt?usp=drive_link"
"DUN CHAR104","Palm Paradise Charm","https://drive.google.com/drive/folders/1KyVb0rgB69hXsipBF3bUyJvVnBFysoja?usp=drive_link","https://drive.google.com/drive/folders/1KyVb0rgB69hXsipBF3bUyJvVnBFysoja?usp=drive_link"
"DUN CHAR105","Sunny Fish Charm","https://drive.google.com/drive/folders/1pvU2vktJPdEInDk-jp3KJ_yPa7jSdiyq?usp=drive_link","https://drive.google.com/drive/folders/1pvU2vktJPdEInDk-jp3KJ_yPa7jSdiyq?usp=drive_link"
"DUN CHAR106","Lustrous Pearl Charm","https://drive.google.com/drive/folders/1FWl3hs2YFVbtRsI3YJHmzE0vZuF8hJnh?usp=drive_link","https://drive.google.com/drive/folders/1FWl3hs2YFVbtRsI3YJHmzE0vZuF8hJnh?usp=drive_link"
"DUN CHAR107","Golden Conch Charm","https://drive.google.com/drive/folders/1snUL-Nxf82DTIs1sH5iTCVpa4ZSQ4B8s?usp=drive_link","https://drive.google.com/drive/folders/1snUL-Nxf82DTIs1sH5iTCVpa4ZSQ4B8s?usp=drive_link"
"DUN CHAR108","Golden Palm Charm","https://drive.google.com/drive/folders/1vRGk2iNvmXWOzGbnHIFk2V3xNNKz4Drn?usp=drive_link","https://drive.google.com/drive/folders/1vRGk2iNvmXWOzGbnHIFk2V3xNNKz4Drn?usp=drive_link"
"DUN CHAR109","Midnight Palm Charm","https://drive.google.com/drive/folders/1bZg_wGHMdHhOQMHco6ZxjgOl-0y6mLgR?usp=drive_link","https://drive.google.com/drive/folders/1bZg_wGHMdHhOQMHco6ZxjgOl-0y6mLgR?usp=drive_link"
"DUN CHAR11","Pink Smash Charm","https://drive.google.com/drive/folders/1Y9uvl9SItC4g2ffw5HYeuG3D3LTXBj27?usp=drive_link","https://drive.google.com/drive/folders/1Y9uvl9SItC4g2ffw5HYeuG3D3LTXBj27?usp=drive_link"
"DUN CHAR110","Pink Lagoon Charm","https://drive.google.com/drive/folders/11Y29FoFmrmz_jvNgbXhqEVtk16Wcaq3J?usp=drive_link","https://drive.google.com/drive/folders/11Y29FoFmrmz_jvNgbXhqEVtk16Wcaq3J?usp=drive_link"
"DUN CHAR111","Aurora Fish Charm","https://drive.google.com/drive/folders/1apGbQF3iRRxntksOXG8y-RTgdRzxRbp6?usp=drive_link","https://drive.google.com/drive/folders/1apGbQF3iRRxntksOXG8y-RTgdRzxRbp6?usp=drive_link"
"DUN CHAR112","Pearl Fish Charm üêü‚ú®","https://drive.google.com/drive/folders/1P5wCVia-mLy5P9reih6XxvdZWSIZsQax?usp=drive_link","https://drive.google.com/drive/folders/1P5wCVia-mLy5P9reih6XxvdZWSIZsQax?usp=drive_link"
"DUN CHAR113","Seafoam Dream Charm üåä‚≠êüê†","https://drive.google.com/drive/folders/1r_4LtHK5hMG5jn0tikxA432jT8_ppMrN?usp=drive_link","https://drive.google.com/drive/folders/1r_4LtHK5hMG5jn0tikxA432jT8_ppMrN?usp=drive_link"
"DUN CHAR114","Golden Elephant Charm üêò‚ú®","https://drive.google.com/drive/folders/15Tvr662XLKz6lCBOqhUtCrQoALSimnbO?usp=drive_link","https://drive.google.com/drive/folders/15Tvr662XLKz6lCBOqhUtCrQoALSimnbO?usp=drive_link"
"DUN CHAR115","Golden Koi Charm","https://drive.google.com/drive/folders/1uCOv-7dsBEoNzLDjWovxGhS-T2_YVcFX?usp=drive_link","https://drive.google.com/drive/folders/1uCOv-7dsBEoNzLDjWovxGhS-T2_YVcFX?usp=drive_link"
"DUN CHAR116","Majestic Koi Charm","https://drive.google.com/drive/folders/1CdsCkOaxPwHyEoV8AdXPTPLHsNt7PFin?usp=drive_link","https://drive.google.com/drive/folders/1CdsCkOaxPwHyEoV8AdXPTPLHsNt7PFin?usp=drive_link"
"DUN CHAR117","V Initial Charm","https://drive.google.com/file/d/1vic1LkxhP5x3hDs_k8-R2l1g5nRCBYCK/view?usp=drive_link","https://drive.google.com/file/d/1vic1LkxhP5x3hDs_k8-R2l1g5nRCBYCK/view?usp=drive_link"
"DUN CHAR118","L Initial Charm","https://drive.google.com/file/d/1mo2Qx4D1seh9U3CcvqIn4a2SvcD7thdE/view?usp=drive_link","https://drive.google.com/file/d/1mo2Qx4D1seh9U3CcvqIn4a2SvcD7thdE/view?usp=drive_link"
"DUN CHAR119","I Initial Charm","https://drive.google.com/file/d/1Oh8J2DE1VFAnQRhP4pt8pdP0hZk7LSqY/view?usp=drive_link","https://drive.google.com/file/d/1Oh8J2DE1VFAnQRhP4pt8pdP0hZk7LSqY/view?usp=drive_link"
"DUN CHAR12","Football Glory Charm","https://drive.google.com/drive/folders/18R-1y3aq1h8enmIHEHz2QbiCj3jrP4Ed?usp=drive_link","https://drive.google.com/drive/folders/18R-1y3aq1h8enmIHEHz2QbiCj3jrP4Ed?usp=drive_link"
"DUN CHAR120","R Initial Charm","https://drive.google.com/file/d/1jiAQCUK9uHnbFEBpfmpOS--tYHJ7dG4Q/view?usp=drive_link","https://drive.google.com/file/d/1jiAQCUK9uHnbFEBpfmpOS--tYHJ7dG4Q/view?usp=drive_link"
"DUN CHAR121","Q Initial Charm","https://drive.google.com/file/d/1q_SFY7xR2fr_Pu-mm8rv7l89uBI0uo0E/view?usp=drive_link","https://drive.google.com/file/d/1q_SFY7xR2fr_Pu-mm8rv7l89uBI0uo0E/view?usp=drive_link"
"DUN CHAR122","K Initial Charm","https://drive.google.com/file/d/1Rm03Ljp3fSzV9taj7IJTE7jLhkEWCaEM/view?usp=drive_link","https://drive.google.com/file/d/1Rm03Ljp3fSzV9taj7IJTE7jLhkEWCaEM/view?usp=drive_link"
"DUN CHAR123","Y Initial Charm","https://drive.google.com/file/d/1rBS_E-0qEDmHEHslSFbhb02knaW3sqWL/view?usp=drive_link","https://drive.google.com/file/d/1rBS_E-0qEDmHEHslSFbhb02knaW3sqWL/view?usp=drive_link"
"DUN CHAR124","Initial Charm","https://drive.google.com/file/d/1h8DegLDhfUkzCXGeB-IyfiStUSAjXN98/view?usp=drive_link","https://drive.google.com/file/d/1h8DegLDhfUkzCXGeB-IyfiStUSAjXN98/view?usp=drive_link"
"DUN CHAR125","Z Initial Charm","https://drive.google.com/file/d/1cwyAQUuIO9uFulUPKJxuXC1dM-VmfiyK/view?usp=drive_link","https://drive.google.com/file/d/1cwyAQUuIO9uFulUPKJxuXC1dM-VmfiyK/view?usp=drive_link"
"DUN CHAR126","H Initial Charm","https://drive.google.com/file/d/1IwiMIsB1fg-XbPs9g_rpf602PDPmZEn5/view?usp=drive_link","https://drive.google.com/file/d/1IwiMIsB1fg-XbPs9g_rpf602PDPmZEn5/view?usp=drive_link"
"DUN CHAR127","M Initial Charm","https://drive.google.com/file/d/1Lmk4W5Et14-Pm_vHk5lSX7jVHe2QyXl_/view?usp=drive_link","https://drive.google.com/file/d/1Lmk4W5Et14-Pm_vHk5lSX7jVHe2QyXl_/view?usp=drive_link"
"DUN CHAR128","X Initial Charm","https://drive.google.com/file/d/1GmA6l2pyVY_rmdDIFRXwYSclwOQLQ3wY/view?usp=drive_link","https://drive.google.com/file/d/1GmA6l2pyVY_rmdDIFRXwYSclwOQLQ3wY/view?usp=drive_link"
"DUN CHAR129","E Initial Charm","https://drive.google.com/file/d/10z8B-T-jhAtIzknj56uJ9xZvVsC5qqAK/view?usp=drive_link","https://drive.google.com/file/d/10z8B-T-jhAtIzknj56uJ9xZvVsC5qqAK/view?usp=drive_link"
"DUN CHAR13","Classic Football Charm","https://drive.google.com/drive/folders/1rDCnRnMcROFCnIL8RpKb_va-wuIqEd_k?usp=drive_link","https://drive.google.com/drive/folders/1rDCnRnMcROFCnIL8RpKb_va-wuIqEd_k?usp=drive_link"
"DUN CHAR130","U Initial Charm","https://drive.google.com/file/d/1Xt22lfePuKRJZjl1IN42Xo2h6qRRUEup/view?usp=drive_link","https://drive.google.com/file/d/1Xt22lfePuKRJZjl1IN42Xo2h6qRRUEup/view?usp=drive_link"
"DUN CHAR131","T Initial Charm","https://drive.google.com/file/d/1Cg_5Ty8Ow2AtqUw-LOXwgblgU251y_46/view?usp=drive_link","https://drive.google.com/file/d/1Cg_5Ty8Ow2AtqUw-LOXwgblgU251y_46/view?usp=drive_link"
"DUN CHAR132","O Initial Charm","https://drive.google.com/file/d/1lwOq1btnV-l3im0gF5_jbURHUOVlViPt/view?usp=drive_link","https://drive.google.com/file/d/1lwOq1btnV-l3im0gF5_jbURHUOVlViPt/view?usp=drive_link"
"DUN CHAR133","N Initial Charm","https://drive.google.com/file/d/1ICjyR-HWZYinCXEpuSGWdByl-gFDeD-f/view?usp=drive_link","https://drive.google.com/file/d/1ICjyR-HWZYinCXEpuSGWdByl-gFDeD-f/view?usp=drive_link"
"DUN CHAR134","C Initial Charm","https://drive.google.com/file/d/1ICjyR-HWZYinCXEpuSGWdByl-gFDeD-f/view?usp=drive_link","https://drive.google.com/file/d/1ICjyR-HWZYinCXEpuSGWdByl-gFDeD-f/view?usp=drive_link"
"DUN CHAR135","D Initial Charm","https://drive.google.com/file/d/1pPK-2F7v3wRwTPAVt1Eymo4Qeffym5Ku/view?usp=drive_link","https://drive.google.com/file/d/1pPK-2F7v3wRwTPAVt1Eymo4Qeffym5Ku/view?usp=drive_link"
"DUN CHAR136","A Initial Charm","https://drive.google.com/file/d/1PHDZFxBl55kzQYMdxOumBV7KttPMObn6/view?usp=drive_link","https://drive.google.com/file/d/1PHDZFxBl55kzQYMdxOumBV7KttPMObn6/view?usp=drive_link"
"DUN CHAR137","B Initial Charm","https://drive.google.com/file/d/1lAJHYISSgQdzwj1uK4M8maI5mBrMLexo/view?usp=drive_link","https://drive.google.com/file/d/1lAJHYISSgQdzwj1uK4M8maI5mBrMLexo/view?usp=drive_link"
"DUN CHAR138","F Initial Charm","https://drive.google.com/file/d/1lAJHYISSgQdzwj1uK4M8maI5mBrMLexo/view?usp=drive_link","https://drive.google.com/file/d/1lAJHYISSgQdzwj1uK4M8maI5mBrMLexo/view?usp=drive_link"
"DUN CHAR139","P Initial Charm","https://drive.google.com/file/d/1rbX2BimF319qrQkG-GWEqGztYwYpuN45/view?usp=drive_link","https://drive.google.com/file/d/1rbX2BimF319qrQkG-GWEqGztYwYpuN45/view?usp=drive_link"
"DUN CHAR14","Multicolour Football Spark Charm","https://drive.google.com/drive/folders/1bnWFJvjLwv6xyhMNuyPk-nOAO9uLyidi?usp=drive_link","https://drive.google.com/drive/folders/1bnWFJvjLwv6xyhMNuyPk-nOAO9uLyidi?usp=drive_link"
"DUN CHAR15","Pink Popsicle Charm","https://drive.google.com/drive/folders/1WrU9IS8CJVs0qVaTqupWAsDLL7R8C_Kz?usp=drive_link","https://drive.google.com/drive/folders/1WrU9IS8CJVs0qVaTqupWAsDLL7R8C_Kz?usp=drive_link"
"DUN CHAR16","Acorn Strength Charm","https://drive.google.com/drive/folders/172yIADC134nTPeE7Da1deqZE3Wa570o5?usp=drive_link","https://drive.google.com/drive/folders/172yIADC134nTPeE7Da1deqZE3Wa570o5?usp=drive_link"
"DUN CHAR17","Croissant Charm","https://drive.google.com/drive/folders/1vRozX_wWXVX6mL0a_l_7JXmu6eMf_OR2?usp=drive_link","https://drive.google.com/drive/folders/1vRozX_wWXVX6mL0a_l_7JXmu6eMf_OR2?usp=drive_link"
"DUN CHAR18","Mango Bliss Charm","https://drive.google.com/drive/folders/1iniwAaYgdt4R6LVDoWr5VIvrUGIMc_M9?usp=drive_link","https://drive.google.com/drive/folders/1iniwAaYgdt4R6LVDoWr5VIvrUGIMc_M9?usp=drive_link"
"DUN CHAR19","Avocado Love Charm","https://drive.google.com/drive/folders/1EZLfuDtozsbmbcsRqGRbpY-GBFUCn-ee?usp=drive_link","https://drive.google.com/drive/folders/1EZLfuDtozsbmbcsRqGRbpY-GBFUCn-ee?usp=drive_link"
"DUN CHAR20","Orange Zest Charm","https://drive.google.com/drive/folders/1vH6aMwh-RdPfC72LPJHbiXkPkBHZ-8FI?usp=drive_link","https://drive.google.com/drive/folders/1vH6aMwh-RdPfC72LPJHbiXkPkBHZ-8FI?usp=drive_link"
"DUN CHAR21","Mystic Mushroom Charm","https://drive.google.com/drive/folders/1nSgMpdJT4QOlFI3RAJVcb62ek8TgK3k5?usp=drive_link","https://drive.google.com/drive/folders/1nSgMpdJT4QOlFI3RAJVcb62ek8TgK3k5?usp=drive_link"
"DUN CHAR22","Sunny Toast Charm","https://drive.google.com/drive/folders/1CZoCzn8lWUzy_NtBXuj0YrLUgbp4cNed?usp=drive_link","https://drive.google.com/drive/folders/1CZoCzn8lWUzy_NtBXuj0YrLUgbp4cNed?usp=drive_link"
"DUN CHAR23","Cherry Pop Charm","https://drive.google.com/drive/folders/18dFVslhUqpm2Ydi_OzjE_zKyNCJ1b-hw?usp=drive_link","https://drive.google.com/drive/folders/18dFVslhUqpm2Ydi_OzjE_zKyNCJ1b-hw?usp=drive_link"
"DUN CHAR24","Burger Bite Charm","https://drive.google.com/drive/folders/10dfKUjbzMC8ncEpl0wqBadeJO736Yw6M?usp=drive_link","https://drive.google.com/drive/folders/10dfKUjbzMC8ncEpl0wqBadeJO736Yw6M?usp=drive_link"
"DUN CHAR25","Banana Fun Charm","https://drive.google.com/drive/folders/1BtKY2Np_MsKYhpdnPMCssyZCtSdK_pPn?usp=drive_link","https://drive.google.com/drive/folders/1BtKY2Np_MsKYhpdnPMCssyZCtSdK_pPn?usp=drive_link"
"DUN CHAR26","Hotdog Charm","https://drive.google.com/drive/folders/1WCLFhhAHr8EmIr9HYCROYBOkw_IKuXYI?usp=drive_link","https://drive.google.com/drive/folders/1WCLFhhAHr8EmIr9HYCROYBOkw_IKuXYI?usp=drive_link"
"DUN CHAR27","Donut Delight Charm","https://drive.google.com/drive/folders/1NSzfcDFVQQDuFslybsgRYAXUQCNc1XX-?usp=drive_link","https://drive.google.com/drive/folders/1NSzfcDFVQQDuFslybsgRYAXUQCNc1XX-?usp=drive_link"
"DUN CHAR28","Golden Croissant Charm","https://drive.google.com/drive/folders/1JTKVfi7OsfYiZo6YLHlqSZnSv6FOdaiN?usp=drive_link","https://drive.google.com/drive/folders/1JTKVfi7OsfYiZo6YLHlqSZnSv6FOdaiN?usp=drive_link"
"DUN CHAR29","Avocado Toast Charm","https://drive.google.com/drive/folders/1KYBXpYUeYlaNpBULuF4ngIT86YqAvSKM?usp=drive_link","https://drive.google.com/drive/folders/1KYBXpYUeYlaNpBULuF4ngIT86YqAvSKM?usp=drive_link"
"DUN CHAR30","Mango Charm","https://drive.google.com/drive/folders/1W_xbcCRxZqES6-K1IVUn9C9CfpDDtrMA?usp=drive_link","https://drive.google.com/drive/folders/1W_xbcCRxZqES6-K1IVUn9C9CfpDDtrMA?usp=drive_link"
"DUN CHAR31","Grapes Charm","https://drive.google.com/drive/folders/172UXHiwb7odUQanUmVxbFCbKzxii7Xw1?usp=drive_link","https://drive.google.com/drive/folders/172UXHiwb7odUQanUmVxbFCbKzxii7Xw1?usp=drive_link"
"DUN CHAR32","Popsicle Charm","https://drive.google.com/drive/folders/1vUNiVbkvt9S2OO_tAjjeZdPUcof3ZIKt?usp=drive_link","https://drive.google.com/drive/folders/1vUNiVbkvt9S2OO_tAjjeZdPUcof3ZIKt?usp=drive_link"
"DUN CHAR33","Aurora Croissant Charm","https://drive.google.com/drive/folders/17X9XtSji8qew6ZoZM4HY9wyPkq8nZGWg?usp=drive_link","https://drive.google.com/drive/folders/17X9XtSji8qew6ZoZM4HY9wyPkq8nZGWg?usp=drive_link"
"DUN CHAR34","Pink Donut with Golden Sprinkles Charm üç©‚ú®","https://drive.google.com/drive/folders/1Fheytl4sltKmSXlV8HmBaDyonaOHreZs?usp=drive_link","https://drive.google.com/drive/folders/1Fheytl4sltKmSXlV8HmBaDyonaOHreZs?usp=drive_link"
"DUN CHAR35","Papaya Charm üß°ü•≠","https://drive.google.com/drive/folders/1c8hxAW3jwCowQgQeYEtcoM4eEe79TZIp?usp=drive_link","https://drive.google.com/drive/folders/1c8hxAW3jwCowQgQeYEtcoM4eEe79TZIp?usp=drive_link"
"DUN CHAR36","Strawberry Shortcake Charm üçìüç∞","https://drive.google.com/drive/folders/1_mqQOHpzeYzUAIVWedEpxV45XQm_LlzN?usp=sharing","https://drive.google.com/drive/folders/1_mqQOHpzeYzUAIVWedEpxV45XQm_LlzN?usp=sharing"
"DUN CHAR37","Coffee Cup Charm ‚òï‚ú®","https://drive.google.com/drive/folders/1TriuTZ-L2FaaM_-Hfxrk6y4TIHpLTJhf?usp=drive_link","https://drive.google.com/drive/folders/1TriuTZ-L2FaaM_-Hfxrk6y4TIHpLTJhf?usp=drive_link"
"DUN CHAR38","Celestial Eye Charm","https://drive.google.com/drive/folders/1E_6aC7iDIzX6JfAJ2lhJMFd2SLnx-d1u?usp=drive_link","https://drive.google.com/drive/folders/1E_6aC7iDIzX6JfAJ2lhJMFd2SLnx-d1u?usp=drive_link"
"DUN CHAR39","Midnight Eye Charm","https://drive.google.com/drive/folders/1mSTVlN42fIMBQSo-zHpLmMwYgEGj4BIt?usp=drive_link","https://drive.google.com/drive/folders/1mSTVlN42fIMBQSo-zHpLmMwYgEGj4BIt?usp=drive_link"
"DUN CHAR40","Guardian Eye Charm üßø‚ú®","https://drive.google.com/drive/folders/1_-7JsakW9M8JvCFgTLb8Wv2MoTl6vXiw?usp=drive_link","https://drive.google.com/drive/folders/1_-7JsakW9M8JvCFgTLb8Wv2MoTl6vXiw?usp=drive_link"
"DUN CHAR41","Radiant Eye Charm ‚ú®üëÅÔ∏è","https://drive.google.com/drive/folders/1zdYeUbYyxyAomKRHvGtPT-tempZYQr__?usp=drive_link","https://drive.google.com/drive/folders/1zdYeUbYyxyAomKRHvGtPT-tempZYQr__?usp=drive_link"
"DUN CHAR42","Luminous Eye Charm üååüëÅÔ∏è","https://drive.google.com/drive/folders/1GdOcuw6aSMZS472S83m4UEciAcpU4GJZ?usp=drive_link","https://drive.google.com/drive/folders/1GdOcuw6aSMZS472S83m4UEciAcpU4GJZ?usp=drive_link"
"DUN CHAR43","Sentinel Eye Charm","https://drive.google.com/drive/folders/1ugmbV_wF38XhnKIduZF9xwSjbCXF24h0?usp=drive_link","https://drive.google.com/drive/folders/1ugmbV_wF38XhnKIduZF9xwSjbCXF24h0?usp=drive_link"
"DUN CHAR44","Radiant Eye Charm","https://drive.google.com/drive/folders/1pW75ty0utWqrdp5cBdSEaHzVeGNvFJgI?usp=drive_link","https://drive.google.com/drive/folders/1pW75ty0utWqrdp5cBdSEaHzVeGNvFJgI?usp=drive_link"
"DUN CHAR45","Blush Teardrop Eye Charm","https://drive.google.com/drive/folders/1bEnveizEaUpCOuMfvdgpzEg9NRN9WJ3p?usp=drive_link","https://drive.google.com/drive/folders/1bEnveizEaUpCOuMfvdgpzEg9NRN9WJ3p?usp=drive_link"
"DUN CHAR46","Guardian Heart Eye Charm","https://drive.google.com/drive/folders/1NnJUnu3hxuaYFV9J3fp2q8h3IKPUCuap?usp=drive_link","https://drive.google.com/drive/folders/1NnJUnu3hxuaYFV9J3fp2q8h3IKPUCuap?usp=drive_link"
"DUN CHAR47","Aqua Vision Charm","https://drive.google.com/drive/folders/1QWCd_bfwk6layr58cBrfXeetc13-1K3U?usp=drive_link","https://drive.google.com/drive/folders/1QWCd_bfwk6layr58cBrfXeetc13-1K3U?usp=drive_link"
"DUN CHAR48","North Star Charm","https://drive.google.com/drive/folders/1GQp0wkcYyoHb6_1HW2DLO17X1VLFgFeZ?usp=drive_link","https://drive.google.com/drive/folders/1GQp0wkcYyoHb6_1HW2DLO17X1VLFgFeZ?usp=drive_link"
"DUN CHAR49","Guardian Hand Charm","https://drive.google.com/drive/folders/1gNFK_Iwp8UXN8H_7bz9VqFSl-ynkVV5o?usp=drive_link","https://drive.google.com/drive/folders/1gNFK_Iwp8UXN8H_7bz9VqFSl-ynkVV5o?usp=drive_link"
"DUN CHAR50","Prism Eye Charm","https://drive.google.com/drive/folders/1lLH-unKn_2Q28hwkH0eBnUW2FYmwieyA?usp=drive_link","https://drive.google.com/drive/folders/1lLH-unKn_2Q28hwkH0eBnUW2FYmwieyA?usp=drive_link"
"DUN CHAR51","Guardian Hamsa Charm","https://drive.google.com/drive/folders/1NECrWzqNWHTF_ibxfPmfyV6a61LldleX?usp=drive_link","https://drive.google.com/drive/folders/1NECrWzqNWHTF_ibxfPmfyV6a61LldleX?usp=drive_link"
"DUN CHAR52","Turquoise Eye Charm","https://drive.google.com/drive/folders/15n2Cv4mcpDWF47BFozB1Ju2h6T-vbFzH?usp=drive_link","https://drive.google.com/drive/folders/15n2Cv4mcpDWF47BFozB1Ju2h6T-vbFzH?usp=drive_link"
"DUN CHAR53","Crescent Star Charm","https://drive.google.com/drive/folders/1Ew4JPH6gmXgcY567LW2AzfKwevwJgoWT?usp=drive_link","https://drive.google.com/drive/folders/1Ew4JPH6gmXgcY567LW2AzfKwevwJgoWT?usp=drive_link"
"DUN CHAR54","Sacred Heart charm","https://drive.google.com/drive/folders/13QUYKdZ-FUIAWn7mStYbvEca27GYZdrP?usp=drive_link","https://drive.google.com/drive/folders/13QUYKdZ-FUIAWn7mStYbvEca27GYZdrP?usp=drive_link"
"DUN CHAR55","Crystal Heart Charm","https://drive.google.com/drive/folders/1L8zPSKQRcQJ4SUwI8OrHBRCxqvTHtJQR?usp=drive_link","https://drive.google.com/drive/folders/1L8zPSKQRcQJ4SUwI8OrHBRCxqvTHtJQR?usp=drive_link"
"DUN CHAR56","Crystal Pink candy","https://drive.google.com/drive/folders/1bwwu0BNOCUora5ooypd_ewSscQ9BUYkb?usp=drive_link","https://drive.google.com/drive/folders/1bwwu0BNOCUora5ooypd_ewSscQ9BUYkb?usp=drive_link"
"DUN CHAR57","Crystal Green candy","https://drive.google.com/drive/folders/1WqhOwCbCKeiUKxOu-FYSYBqpH5wpeWQm?usp=drive_link","https://drive.google.com/drive/folders/1WqhOwCbCKeiUKxOu-FYSYBqpH5wpeWQm?usp=drive_link"
"DUN CHAR58","Gilded Heart Charm","https://drive.google.com/drive/folders/1j4ZczCCQGpqulZGsVvRxs5_kMgZ-_Dao?usp=drive_link","https://drive.google.com/drive/folders/1j4ZczCCQGpqulZGsVvRxs5_kMgZ-_Dao?usp=drive_link"
"DUN CHAR59","Blooming Heart Charm","https://drive.google.com/drive/folders/15-EjAXiPuxYgiOiY2vtO5m2w2zJAm5KA?usp=drive_link","https://drive.google.com/drive/folders/15-EjAXiPuxYgiOiY2vtO5m2w2zJAm5KA?usp=drive_link"
"DUN CHAR60","Eternal Heart Charm","https://drive.google.com/drive/folders/1DYahnENyd09fZm09CyjebvNBQuRnSFRs?usp=drive_link","https://drive.google.com/drive/folders/1DYahnENyd09fZm09CyjebvNBQuRnSFRs?usp=drive_link"
"DUN CHAR61","Love Letter Charm","https://drive.google.com/drive/folders/1m_TTD5qSvzkAwhBWAWsL6RXzzXA89GU3?usp=drive_link","https://drive.google.com/drive/folders/1m_TTD5qSvzkAwhBWAWsL6RXzzXA89GU3?usp=drive_link"
"DUN CHAR62","Daisy Heart Charm","https://drive.google.com/drive/folders/1Jh-NpTvRIhrSX_mU2cP-Q2oaPGT9FqYp?usp=drive_link","https://drive.google.com/drive/folders/1Jh-NpTvRIhrSX_mU2cP-Q2oaPGT9FqYp?usp=drive_link"
"DUN CHAR63","Retro Heart Charm","https://drive.google.com/drive/folders/1yBg4grHUfYiRM8y-_AXK8tKRGSd_XFSL?usp=drive_link","https://drive.google.com/drive/folders/1yBg4grHUfYiRM8y-_AXK8tKRGSd_XFSL?usp=drive_link"
"DUN CHAR64","Heart of Vision Charm","https://drive.google.com/drive/folders/1yBg4grHUfYiRM8y-_AXK8tKRGSd_XFSL?usp=drive_link","https://drive.google.com/drive/folders/1yBg4grHUfYiRM8y-_AXK8tKRGSd_XFSL?usp=drive_link"
"DUN CHAR65","Ember Heart Charm","https://drive.google.com/drive/folders/1Yb_o3FURH-2DgvWo7_eo4Bn1nU_Dx2k0?usp=drive_link","https://drive.google.com/drive/folders/1Yb_o3FURH-2DgvWo7_eo4Bn1nU_Dx2k0?usp=drive_link"
"DUN CHAR66","Blush Heart Charm","https://drive.google.com/drive/folders/1VbUF0qRbuDOTBi1oMNP1rgYS_Crz9Jvx?usp=drive_link","https://drive.google.com/drive/folders/1VbUF0qRbuDOTBi1oMNP1rgYS_Crz9Jvx?usp=drive_link"
"DUN CHAR67","Pure Heart Charm","https://drive.google.com/drive/folders/1SNlRIEv6g5A2i4jLQS_qKaAnI4ctsM_E?usp=drive_link","https://drive.google.com/drive/folders/1SNlRIEv6g5A2i4jLQS_qKaAnI4ctsM_E?usp=drive_link"
"DUN CHAR68","Emerald Heart Charm","https://drive.google.com/drive/folders/1yzhTfMDiXQDfFPo8PqIbjgeXekzLwqu4?usp=drive_link","https://drive.google.com/drive/folders/1yzhTfMDiXQDfFPo8PqIbjgeXekzLwqu4?usp=drive_link"
"DUN CHAR69","Lilac Drop Heart Charm","https://drive.google.com/drive/folders/1HR6yVbGgpXWcyuFb1q-sFv2pYKonLCbG?usp=drive_link","https://drive.google.com/drive/folders/1HR6yVbGgpXWcyuFb1q-sFv2pYKonLCbG?usp=drive_link"
"DUN CHAR70","Peach Blush Heart Charm","https://drive.google.com/drive/folders/1soaq26YlDnl9V2L7nGtJHxzZ6R9_kq5r?usp=sharing","https://drive.google.com/drive/folders/1soaq26YlDnl9V2L7nGtJHxzZ6R9_kq5r?usp=sharing"
"DUN CHAR71","Eternal Rose Oval Charm","DUN-CHAR71","DUN-CHAR71"
"DUN CHAR72","Bloom Vase Charm","https://drive.google.com/drive/folders/1mFGLxwJFpw_lu2zd9wRr9zpwiZCqRz5U?usp=sharing","https://drive.google.com/drive/folders/1mFGLxwJFpw_lu2zd9wRr9zpwiZCqRz5U?usp=sharing"
"DUN CHAR73","Pop Heart Charm","https://drive.google.com/drive/folders/1xrnl0Ai3FZ4FVqJoOGk3orJcFZzLbyrB?usp=drive_link","https://drive.google.com/drive/folders/1xrnl0Ai3FZ4FVqJoOGk3orJcFZzLbyrB?usp=drive_link"
"DUN CHAR74","Folk Bloom Charm","https://drive.google.com/drive/folders/1IRkM85zUv6m_DK1yY7UwnfiU2V5tbsH4?usp=drive_link","https://drive.google.com/drive/folders/1IRkM85zUv6m_DK1yY7UwnfiU2V5tbsH4?usp=drive_link"
"DUN CHAR75","Blooming Lily Charm","https://drive.google.com/drive/folders/16d-8L1Wek2T3Pj1Nl6ixHxJ6K2FZYqCe?usp=drive_link","https://drive.google.com/drive/folders/16d-8L1Wek2T3Pj1Nl6ixHxJ6K2FZYqCe?usp=drive_link"
"DUN CHAR76","Twin Blossom Charm","https://drive.google.com/drive/folders/1vWAZ2TB8z2hhVGpYMymPBgt2YtE5Ga55?usp=drive_link","https://drive.google.com/drive/folders/1vWAZ2TB8z2hhVGpYMymPBgt2YtE5Ga55?usp=drive_link"
"DUN CHAR77","Rosette Bloom Charm","https://drive.google.com/drive/folders/1D7nDQ-iy-hnkjtNn4LslzcCmOZdKL7JA?usp=drive_link","https://drive.google.com/drive/folders/1D7nDQ-iy-hnkjtNn4LslzcCmOZdKL7JA?usp=drive_link"
"DUN CHAR78","Love Note Charm","https://drive.google.com/drive/folders/1aoYtnocoWXNiY1k2BvcNsblb_VvYQOqb?usp=drive_link","https://drive.google.com/drive/folders/1aoYtnocoWXNiY1k2BvcNsblb_VvYQOqb?usp=drive_link"
"DUN CHAR79","Tulip Dawn Charm","https://drive.google.com/drive/folders/1oO8cYe8TS1neUg6_yTPCoCxorPRYDqex?usp=drive_link","https://drive.google.com/drive/folders/1oO8cYe8TS1neUg6_yTPCoCxorPRYDqex?usp=drive_link"
"DUN CHAR80","Blossom Vase Charm","https://drive.google.com/drive/folders/1mBdiPlJXv0Fi3xsjeKXvL-8VSFWzwtZ3?usp=drive_link","https://drive.google.com/drive/folders/1mBdiPlJXv0Fi3xsjeKXvL-8VSFWzwtZ3?usp=drive_link"
"DUN CHAR81","Mama Charm üíô‚ú®","https://drive.google.com/drive/folders/1kLMto1slNdMFotiTEw4gmSJhB7kgbQ__?usp=drive_link","https://drive.google.com/drive/folders/1kLMto1slNdMFotiTEw4gmSJhB7kgbQ__?usp=drive_link"
"DUN CHAR82","Blue Rose Charm","https://drive.google.com/drive/folders/1t1tmw6kuG5gnI3jVtxnyKZY9JVCCuxqu?usp=drive_link","https://drive.google.com/drive/folders/1t1tmw6kuG5gnI3jVtxnyKZY9JVCCuxqu?usp=drive_link"
"DUN CHAR83","Blue Meadow Bloom Charm","https://drive.google.com/drive/folders/1G_97ni5YNYy_5TErkV2cRB61rEso7XPg?usp=drive_link","https://drive.google.com/drive/folders/1G_97ni5YNYy_5TErkV2cRB61rEso7XPg?usp=drive_link"
"DUN CHAR84","Scarlet Tulip Charm","https://drive.google.com/drive/folders/1nv0ooPaGJR4Shj1U4rOSvWlDThtbLbWU?usp=drive_link","https://drive.google.com/drive/folders/1nv0ooPaGJR4Shj1U4rOSvWlDThtbLbWU?usp=drive_link"
"DUN CHAR85","DescriBlue Heart Charm","https://drive.google.com/drive/folders/1ipsM_H41r5bdbU6Y7rhkCFZPUXuMOL1x?usp=drive_link","https://drive.google.com/drive/folders/1ipsM_H41r5bdbU6Y7rhkCFZPUXuMOL1x?usp=drive_link"
"DUN CHAR86","Starlit Crescent Charm","https://drive.google.com/drive/folders/1CBtdDNYPPm00-u9Esx8SbzUiEWrTEyZr?usp=drive_link","https://drive.google.com/drive/folders/1CBtdDNYPPm00-u9Esx8SbzUiEWrTEyZr?usp=drive_link"
"DUN CHAR87","Mom‚Äôs Heart Charm","https://drive.google.com/drive/folders/1dCx38cnG9oMUrH-woFjfUA4iL94Dmnvh?usp=drive_link","https://drive.google.com/drive/folders/1dCx38cnG9oMUrH-woFjfUA4iL94Dmnvh?usp=drive_link"
"DUN CHAR88","Red Heart Charm","https://drive.google.com/drive/folders/16pVYHE5bNx7nUG2u-LXadrK3F7tsf4SI?usp=drive_link","https://drive.google.com/drive/folders/16pVYHE5bNx7nUG2u-LXadrK3F7tsf4SI?usp=drive_link"
"DUN CHAR89","Blue Blossom Heart Charm","https://drive.google.com/drive/folders/1bairuLeatVUprMUGLcEn-iUg_UM6fnOy?usp=drive_link","https://drive.google.com/drive/folders/1bairuLeatVUprMUGLcEn-iUg_UM6fnOy?usp=drive_link"
"DUN CHAR90","Emerald Bloom Charm","https://drive.google.com/drive/folders/109aoFSCJ5PG_c_pfD7DggV-2Zl0fj0Hk?usp=drive_link","https://drive.google.com/drive/folders/109aoFSCJ5PG_c_pfD7DggV-2Zl0fj0Hk?usp=drive_link"
"DUN CHAR91","Blue Rose Oval Charm","https://drive.google.com/drive/folders/1hK49T756BoqJD17v3icbkFAFC7UkMQrO?usp=drive_link","https://drive.google.com/drive/folders/1hK49T756BoqJD17v3icbkFAFC7UkMQrO?usp=drive_link"
"DUN CHAR92","Lavender Wave Charm","https://drive.google.com/drive/folders/1yqpSFUq6JjDT6PodjZ2uvB0k4rgL638Q?usp=drive_link","https://drive.google.com/drive/folders/1yqpSFUq6JjDT6PodjZ2uvB0k4rgL638Q?usp=drive_link"
"DUN CHAR93","Flutter Charm","https://drive.google.com/drive/folders/1lmdbPmrfVkxozhGQI1gpMDjRimMDv3rn?usp=sharing","https://drive.google.com/drive/folders/1lmdbPmrfVkxozhGQI1gpMDjRimMDv3rn?usp=sharing"
"DUN CHAR94","Midnight Owl Charm","https://drive.google.com/drive/folders/1yqpSFUq6JjDT6PodjZ2uvB0k4rgL638Q?usp=drive_link","https://drive.google.com/drive/folders/1yqpSFUq6JjDT6PodjZ2uvB0k4rgL638Q?usp=drive_link"
"DUN CHAR95","Noir Gem Charm","https://drive.google.com/drive/folders/1yqpSFUq6JjDT6PodjZ2uvB0k4rgL638Q?usp=drive_link","https://drive.google.com/drive/folders/1yqpSFUq6JjDT6PodjZ2uvB0k4rgL638Q?usp=drive_link"
"DUN CHAR96","OMG Charm ‚ú®","https://drive.google.com/drive/folders/1yqpSFUq6JjDT6PodjZ2uvB0k4rgL638Q?usp=drive_link","https://drive.google.com/drive/folders/1yqpSFUq6JjDT6PodjZ2uvB0k4rgL638Q?usp=drive_link"
"DUN CHAR97","Rising Sun Charm","https://drive.google.com/drive/folders/1nvKn6fHfQT5ZSWfbeJMGjxmuZmI8-vGp?usp=sharing","https://drive.google.com/drive/folders/1nvKn6fHfQT5ZSWfbeJMGjxmuZmI8-vGp?usp=sharing"
"DUN CHAR98","Eye Charm","https://drive.google.com/drive/folders/1mxA0V8U1PMAvWxP33LjUOmNBmQHriZve?usp=drive_link","https://drive.google.com/drive/folders/1mxA0V8U1PMAvWxP33LjUOmNBmQHriZve?usp=drive_link"
"DUN CHAR99","Bloom Charm","https://drive.google.com/drive/folders/1dDhyQms_KFmtDM2Y4ip1lJD_Fo-Ejvng?usp=drive_link","https://drive.google.com/drive/folders/1dDhyQms_KFmtDM2Y4ip1lJD_Fo-Ejvng?usp=drive_link"
"DUN-CHAR141","J Initial Charm","https://drive.google.com/file/d/1W7Y71n8aqRhGQ14PdPZk_d7yhIl69GmX/view?usp=drive_link","https://drive.google.com/file/d/1W7Y71n8aqRhGQ14PdPZk_d7yhIl69GmX/view?usp=drive_link"
